<keymap version="1" name="Default for XWin copy 1" parent="Default for XWin">
  <action id="Console.Execute" />
  <action id="Console.TableResult.EditValue">
    <keyboard-shortcut first-keystroke="f2" />
    <keyboard-shortcut first-keystroke="alt enter" />
  </action>
  <action id="Diff.SelectedChange" />
  <action id="EditorChooseLookupItem" />
  <action id="EditorEnter" />
  <action id="FileChooser.NewFolder">
    <keyboard-shortcut first-keystroke="alt insert" />
  </action>
  <action id="FileChooser.TogglePathShowing" />
  <action id="GotoChangedFile" />
  <action id="GotoClass" />
  <action id="Images.Thumbnails.EnterAction" />
  <action id="NextTemplateVariable">
    <keyboard-shortcut first-keystroke="tab" />
  </action>
  <action id="ParameterInfo" />
  <action id="PropertyInspectorActions.EditValue" />
  <action id="VimSearchFwdEntry">
    <keyboard-shortcut first-keystroke="enter" />
    <keyboard-shortcut first-keystroke="ctrl n" />
  </action>
  <action id="VimSearchRevEntry">
    <keyboard-shortcut first-keystroke="ctrl p" />
  </action>
</keymap>