<profile version="1.0">
  <option name="myName" value="Default" />
  <inspection_tool class="PyCompatibilityInspection" enabled="true" level="WARNING" enabled_by_default="true">
    <option name="ourVersions">
      <value>
        <list size="3">
          <item index="0" class="java.lang.String" itemvalue="3.9" />
          <item index="1" class="java.lang.String" itemvalue="3.10" />
          <item index="2" class="java.lang.String" itemvalue="3.11" />
        </list>
      </value>
    </option>
  </inspection_tool>
</profile>