<profile version="1.0">
  <option name="myName" value="Default" />
  <inspection_tool class="Eslint" enabled="true" level="WARNING" enabled_by_default="true" />
  <inspection_tool class="PyCompatibilityInspection" enabled="true" level="WARNING" enabled_by_default="true">
    <option name="ourVersions">
      <value>
        <list size="3">
          <item index="0" class="java.lang.String" itemvalue="3.9" />
          <item index="1" class="java.lang.String" itemvalue="3.10" />
          <item index="2" class="java.lang.String" itemvalue="3.11" />
        </list>
      </value>
    </option>
  </inspection_tool>
  <inspection_tool class="PyPackageRequirementsInspection" enabled="true" level="WARNING" enabled_by_default="true">
    <option name="ignoredPackages">
      <value>
        <list size="176">
          <item index="0" class="java.lang.String" itemvalue="aiodns" />
          <item index="1" class="java.lang.String" itemvalue="aiokafka" />
          <item index="2" class="java.lang.String" itemvalue="cython" />
          <item index="3" class="java.lang.String" itemvalue="starlette-exporter" />
          <item index="4" class="java.lang.String" itemvalue="py" />
          <item index="5" class="java.lang.String" itemvalue="pycparser" />
          <item index="6" class="java.lang.String" itemvalue="aiomonitor" />
          <item index="7" class="java.lang.String" itemvalue="markupsafe" />
          <item index="8" class="java.lang.String" itemvalue="aioconsole" />
          <item index="9" class="java.lang.String" itemvalue="redis" />
          <item index="10" class="java.lang.String" itemvalue="pyasn1-modules" />
          <item index="11" class="java.lang.String" itemvalue="mccabe" />
          <item index="12" class="java.lang.String" itemvalue="starlette" />
          <item index="13" class="java.lang.String" itemvalue="data-objects" />
          <item index="14" class="java.lang.String" itemvalue="cchardet" />
          <item index="15" class="java.lang.String" itemvalue="uvicorn" />
          <item index="16" class="java.lang.String" itemvalue="mypy-boto3-s3" />
          <item index="17" class="java.lang.String" itemvalue="portalocker" />
          <item index="18" class="java.lang.String" itemvalue="pydantic" />
          <item index="19" class="java.lang.String" itemvalue="werkzeug" />
          <item index="20" class="java.lang.String" itemvalue="types-orjson" />
          <item index="21" class="java.lang.String" itemvalue="asgiref" />
          <item index="22" class="java.lang.String" itemvalue="typing-extensions" />
          <item index="23" class="java.lang.String" itemvalue="pandas-stubs" />
          <item index="24" class="java.lang.String" itemvalue="gunicorn" />
          <item index="25" class="java.lang.String" itemvalue="click" />
          <item index="26" class="java.lang.String" itemvalue="sqlalchemy" />
          <item index="27" class="java.lang.String" itemvalue="attrs" />
          <item index="28" class="java.lang.String" itemvalue="psutil" />
          <item index="29" class="java.lang.String" itemvalue="pyyaml" />
          <item index="30" class="java.lang.String" itemvalue="boto3" />
          <item index="31" class="java.lang.String" itemvalue="watchgod" />
          <item index="32" class="java.lang.String" itemvalue="execnet" />
          <item index="33" class="java.lang.String" itemvalue="platformdirs" />
          <item index="34" class="java.lang.String" itemvalue="ciso8601" />
          <item index="35" class="java.lang.String" itemvalue="faust-streaming-rocksdb" />
          <item index="36" class="java.lang.String" itemvalue="spot" />
          <item index="37" class="java.lang.String" itemvalue="idna" />
          <item index="38" class="java.lang.String" itemvalue="rq" />
          <item index="39" class="java.lang.String" itemvalue="rsa" />
          <item index="40" class="java.lang.String" itemvalue="venusian" />
          <item index="41" class="java.lang.String" itemvalue="isodate" />
          <item index="42" class="java.lang.String" itemvalue="pluggy" />
          <item index="43" class="java.lang.String" itemvalue="cffi" />
          <item index="44" class="java.lang.String" itemvalue="pycodestyle" />
          <item index="45" class="java.lang.String" itemvalue="google-cloud-storage" />
          <item index="46" class="java.lang.String" itemvalue="pyasn1" />
          <item index="47" class="java.lang.String" itemvalue="requests" />
          <item index="48" class="java.lang.String" itemvalue="numpy" />
          <item index="49" class="java.lang.String" itemvalue="sniffio" />
          <item index="50" class="java.lang.String" itemvalue="mode-streaming" />
          <item index="51" class="java.lang.String" itemvalue="flake8-import-order" />
          <item index="52" class="java.lang.String" itemvalue="pytest-forked" />
          <item index="53" class="java.lang.String" itemvalue="azure-identity" />
          <item index="54" class="java.lang.String" itemvalue="opentracing" />
          <item index="55" class="java.lang.String" itemvalue="pytest-mock" />
          <item index="56" class="java.lang.String" itemvalue="nest-asyncio" />
          <item index="57" class="java.lang.String" itemvalue="websockets" />
          <item index="58" class="java.lang.String" itemvalue="msal" />
          <item index="59" class="java.lang.String" itemvalue="botocore" />
          <item index="60" class="java.lang.String" itemvalue="black" />
          <item index="61" class="java.lang.String" itemvalue="pytest-asyncio" />
          <item index="62" class="java.lang.String" itemvalue="toml" />
          <item index="63" class="java.lang.String" itemvalue="types-requests" />
          <item index="64" class="java.lang.String" itemvalue="pandas" />
          <item index="65" class="java.lang.String" itemvalue="shared-utils" />
          <item index="66" class="java.lang.String" itemvalue="cachetools" />
          <item index="67" class="java.lang.String" itemvalue="deepmerge" />
          <item index="68" class="java.lang.String" itemvalue="multidict" />
          <item index="69" class="java.lang.String" itemvalue="responses" />
          <item index="70" class="java.lang.String" itemvalue="yarl" />
          <item index="71" class="java.lang.String" itemvalue="types-atomicwrites" />
          <item index="72" class="java.lang.String" itemvalue="pytz" />
          <item index="73" class="java.lang.String" itemvalue="chunklib" />
          <item index="74" class="java.lang.String" itemvalue="pyjwt" />
          <item index="75" class="java.lang.String" itemvalue="setproctitle" />
          <item index="76" class="java.lang.String" itemvalue="sqlalchemy-stubs" />
          <item index="77" class="java.lang.String" itemvalue="db" />
          <item index="78" class="java.lang.String" itemvalue="types-urllib3" />
          <item index="79" class="java.lang.String" itemvalue="protobuf" />
          <item index="80" class="java.lang.String" itemvalue="flake8-tidy-imports" />
          <item index="81" class="java.lang.String" itemvalue="colorlog" />
          <item index="82" class="java.lang.String" itemvalue="googleapis-common-protos" />
          <item index="83" class="java.lang.String" itemvalue="mypy" />
          <item index="84" class="java.lang.String" itemvalue="python-dateutil" />
          <item index="85" class="java.lang.String" itemvalue="scramp" />
          <item index="86" class="java.lang.String" itemvalue="atomicwrites" />
          <item index="87" class="java.lang.String" itemvalue="psycopg2-binary" />
          <item index="88" class="java.lang.String" itemvalue="python-dotenv" />
          <item index="89" class="java.lang.String" itemvalue="h11" />
          <item index="90" class="java.lang.String" itemvalue="pg8000" />
          <item index="91" class="java.lang.String" itemvalue="httptools" />
          <item index="92" class="java.lang.String" itemvalue="frozenlist" />
          <item index="93" class="java.lang.String" itemvalue="aiohttp-cors" />
          <item index="94" class="java.lang.String" itemvalue="semantic-version" />
          <item index="95" class="java.lang.String" itemvalue="certifi" />
          <item index="96" class="java.lang.String" itemvalue="oauthlib" />
          <item index="97" class="java.lang.String" itemvalue="mypy-boto3-ec2" />
          <item index="98" class="java.lang.String" itemvalue="anyio" />
          <item index="99" class="java.lang.String" itemvalue="testing.postgresql" />
          <item index="100" class="java.lang.String" itemvalue="types-psycopg2" />
          <item index="101" class="java.lang.String" itemvalue="pyparsing" />
          <item index="102" class="java.lang.String" itemvalue="uvloop" />
          <item index="103" class="java.lang.String" itemvalue="google-api-core" />
          <item index="104" class="java.lang.String" itemvalue="google-crc32c" />
          <item index="105" class="java.lang.String" itemvalue="requests-mock" />
          <item index="106" class="java.lang.String" itemvalue="iniconfig" />
          <item index="107" class="java.lang.String" itemvalue="cryptography" />
          <item index="108" class="java.lang.String" itemvalue="orjson" />
          <item index="109" class="java.lang.String" itemvalue="moto" />
          <item index="110" class="java.lang.String" itemvalue="jinja2" />
          <item index="111" class="java.lang.String" itemvalue="pyrfc3339" />
          <item index="112" class="java.lang.String" itemvalue="types-pyrfc3339" />
          <item index="113" class="java.lang.String" itemvalue="charset-normalizer" />
          <item index="114" class="java.lang.String" itemvalue="types-boto3" />
          <item index="115" class="java.lang.String" itemvalue="pytest-datadir" />
          <item index="116" class="java.lang.String" itemvalue="botocore-stubs" />
          <item index="117" class="java.lang.String" itemvalue="types-mock" />
          <item index="118" class="java.lang.String" itemvalue="google-cloud-core" />
          <item index="119" class="java.lang.String" itemvalue="pathspec" />
          <item index="120" class="java.lang.String" itemvalue="async-timeout" />
          <item index="121" class="java.lang.String" itemvalue="sel-processing" />
          <item index="122" class="java.lang.String" itemvalue="testing.common.database" />
          <item index="123" class="java.lang.String" itemvalue="mypy-extensions" />
          <item index="124" class="java.lang.String" itemvalue="pytest-xdist" />
          <item index="125" class="java.lang.String" itemvalue="pycares" />
          <item index="126" class="java.lang.String" itemvalue="types-python-dateutil" />
          <item index="127" class="java.lang.String" itemvalue="flake8" />
          <item index="128" class="java.lang.String" itemvalue="aws-client" />
          <item index="129" class="java.lang.String" itemvalue="faust-streaming" />
          <item index="130" class="java.lang.String" itemvalue="requests-oauthlib" />
          <item index="131" class="java.lang.String" itemvalue="google-resumable-media" />
          <item index="132" class="java.lang.String" itemvalue="pytest-cov" />
          <item index="133" class="java.lang.String" itemvalue="fastapi-extended" />
          <item index="134" class="java.lang.String" itemvalue="tomli" />
          <item index="135" class="java.lang.String" itemvalue="xmltodict" />
          <item index="136" class="java.lang.String" itemvalue="urllib3" />
          <item index="137" class="java.lang.String" itemvalue="boto3-stubs" />
          <item index="138" class="java.lang.String" itemvalue="coverage" />
          <item index="139" class="java.lang.String" itemvalue="croniter" />
          <item index="140" class="java.lang.String" itemvalue="six" />
          <item index="141" class="java.lang.String" itemvalue="pyflakes" />
          <item index="142" class="java.lang.String" itemvalue="asn1crypto" />
          <item index="143" class="java.lang.String" itemvalue="pytest" />
          <item index="144" class="java.lang.String" itemvalue="packaging" />
          <item index="145" class="java.lang.String" itemvalue="dill" />
          <item index="146" class="java.lang.String" itemvalue="types-redis" />
          <item index="147" class="java.lang.String" itemvalue="test-sdk" />
          <item index="148" class="java.lang.String" itemvalue="prometheus-client" />
          <item index="149" class="java.lang.String" itemvalue="zstandard" />
          <item index="150" class="java.lang.String" itemvalue="kafka-python" />
          <item index="151" class="java.lang.String" itemvalue="msal-extensions" />
          <item index="152" class="java.lang.String" itemvalue="jmespath" />
          <item index="153" class="java.lang.String" itemvalue="msrest" />
          <item index="154" class="java.lang.String" itemvalue="fastapi" />
          <item index="155" class="java.lang.String" itemvalue="s3transfer" />
          <item index="156" class="java.lang.String" itemvalue="azure-storage-blob" />
          <item index="157" class="java.lang.String" itemvalue="aiohttp" />
          <item index="158" class="java.lang.String" itemvalue="aiosignal" />
          <item index="159" class="java.lang.String" itemvalue="google-auth" />
          <item index="160" class="java.lang.String" itemvalue="azure-core" />
          <item index="161" class="java.lang.String" itemvalue="terminaltables" />
          <item index="162" class="java.lang.String" itemvalue="testing.redis" />
          <item index="163" class="java.lang.String" itemvalue="websocket-client" />
          <item index="164" class="java.lang.String" itemvalue="core" />
          <item index="165" class="java.lang.String" itemvalue="structlog" />
          <item index="166" class="java.lang.String" itemvalue="gcp-client" />
          <item index="167" class="java.lang.String" itemvalue="better-exceptions" />
          <item index="168" class="java.lang.String" itemvalue="rich" />
          <item index="169" class="java.lang.String" itemvalue="commonmark" />
          <item index="170" class="java.lang.String" itemvalue="pygments" />
          <item index="171" class="java.lang.String" itemvalue="filprofiler" />
          <item index="172" class="java.lang.String" itemvalue="threadpoolctl" />
          <item index="173" class="java.lang.String" itemvalue="isort" />
          <item index="174" class="java.lang.String" itemvalue="aioredis" />
          <item index="175" class="java.lang.String" itemvalue="cloudpickle" />
        </list>
      </value>
    </option>
  </inspection_tool>
</profile>