<application>
  <component name="LocalDatabaseDriverManager" version="201">
    <driver id="derby.embedded">
      <artifact id="Apache Derby" name="Apache Derby" use="true" version="10.14.1.0" />
    </driver>
    <driver id="derby.remote">
      <artifact id="Apache Derby" name="Apache Derby" use="true" version="10.14.1.0" />
    </driver>
    <driver id="azure.ms">
      <option name="auto-sync" value="false" />
    </driver>
    <driver id="mysql">
      <artifact id="MySQL Connector/J" name="MySQL Connector/J" use="true" version="5.1.46" />
    </driver>
    <driver id="postgresql">
      <artifact id="PostgreSQL" name="PostgreSQL" use="true" version="42.4.0" />
    </driver>
    <driver id="sqlite.xerial">
      <artifact id="Xerial SQLiteJDBC" name="Xerial SQLiteJDBC" use="true" version="3.20.1.1" />
    </driver>
  </component>
</application>