<application>
  <component name="FeatureSuggesterSettings">
    <option name="workingDays">
      <list>
        <option value="1657148364258" />
        <option value="1657280785080" />
        <option value="1657538041063" />
        <option value="1657614730761" />
        <option value="1657663247818" />
        <option value="1658132150818" />
        <option value="1658226919537" />
        <option value="1658305020160" />
        <option value="1658392929309" />
        <option value="1658480164266" />
        <option value="1658737742498" />
        <option value="1658788301724" />
        <option value="1658872804612" />
        <option value="1658997986926" />
        <option value="1659087913781" />
        <option value="1659343166576" />
        <option value="1659433966193" />
        <option value="1659513979368" />
        <option value="1659607259032" />
        <option value="1659686473077" />
        <option value="1659951377160" />
        <option value="1660055037686" />
        <option value="1660133299106" />
        <option value="1660168801183" />
        <option value="1660310816388" />
        <option value="1660649911429" />
        <option value="1660727337219" />
        <option value="1660831837320" />
        <option value="1661440836077" />
        <option value="1661519292132" />
      </list>
    </option>
  </component>
</application>